Easy_Close_badminton_107.jpg,badminton
Easy_Close_badminton_130.jpg,badminton
Easy_Close_badminton_2.jpg,badminton
Easy_Close_badminton_203.jpg,badminton
Easy_Close_badminton_260.jpg,badminton
Easy_Close_badminton_284.jpg,badminton
Easy_Close_badminton_288.jpg,badminton
Easy_Close_badminton_293.jpg,badminton
Easy_Close_badminton_306.jpg,badminton
Easy_Close_badminton_320.JPG,badminton
Easy_Close_badminton_45.jpg,badminton
Easy_Close_badminton_69.jpg,badminton
Easy_Close_badminton_70.jpg,badminton
Easy_Close_badminton_71.jpg,badminton
Easy_Close_badminton_72.jpg,badminton
Easy_Close_badminton_73.jpg,badminton
Easy_Close_badminton_83.jpg,badminton
Easy_Far_badminton_1.jpg,badminton
Easy_Far_badminton_109.jpg,badminton
Easy_Far_badminton_11.jpg,badminton
Easy_Far_badminton_113.jpg,badminton
Easy_Far_badminton_273.jpg,badminton
Easy_Far_badminton_275.jpg,badminton
Easy_Far_badminton_282.jpg,badminton
Easy_Far_badminton_75.jpg,badminton
Easy_Mid_badminton_0.jpg,badminton
Easy_Mid_badminton_116.jpg,badminton
Easy_Mid_badminton_117.jpg,badminton
Easy_Mid_badminton_120.jpg,badminton
Easy_Mid_badminton_121.jpg,badminton
Easy_Mid_badminton_124.jpg,badminton
Easy_Mid_badminton_127.jpg,badminton
Easy_Mid_badminton_132.jpg,badminton
Easy_Mid_badminton_14.jpg,badminton
Easy_Mid_badminton_145.jpg,badminton
Easy_Mid_badminton_147.jpg,badminton
Easy_Mid_badminton_148.jpg,badminton
Easy_Mid_badminton_15.jpg,badminton
Easy_Mid_badminton_156.jpg,badminton
Easy_Mid_badminton_16.jpg,badminton
Easy_Mid_badminton_160.jpg,badminton
Easy_Mid_badminton_163.jpg,badminton
Easy_Mid_badminton_165.jpg,badminton
Easy_Mid_badminton_166.jpg,badminton
Easy_Mid_badminton_167.jpg,badminton
Easy_Mid_badminton_168.jpg,badminton
Easy_Mid_badminton_169.jpg,badminton
Easy_Mid_badminton_17.jpg,badminton
Easy_Mid_badminton_171.jpg,badminton
Easy_Mid_badminton_172.jpg,badminton
Easy_Mid_badminton_173.jpg,badminton
Easy_Mid_badminton_18.jpg,badminton
Easy_Mid_badminton_185.jpg,badminton
Easy_Mid_badminton_188.jpg,badminton
Easy_Mid_badminton_19.jpg,badminton
Easy_Mid_badminton_199.jpg,badminton
Easy_Mid_badminton_207.jpg,badminton
Easy_Mid_badminton_210.jpg,badminton
Easy_Mid_badminton_211.jpg,badminton
Easy_Mid_badminton_214.jpg,badminton
Easy_Mid_badminton_215.jpg,badminton
Easy_Mid_badminton_220.jpg,badminton
Easy_Mid_badminton_222.jpg,badminton
Easy_Mid_badminton_229.jpg,badminton
Easy_Mid_badminton_23.jpg,badminton
Easy_Mid_badminton_236.jpg,badminton
Easy_Mid_badminton_237.jpg,badminton
Easy_Mid_badminton_238.jpg,badminton
Easy_Mid_badminton_241.jpg,badminton
Easy_Mid_badminton_242.jpg,badminton
Easy_Mid_badminton_247.jpg,badminton
Easy_Mid_badminton_253.jpg,badminton
Easy_Mid_badminton_254.jpg,badminton
Easy_Mid_badminton_258.jpg,badminton
Easy_Mid_badminton_261.jpg,badminton
Easy_Mid_badminton_266.jpg,badminton
Easy_Mid_badminton_267.jpg,badminton
Easy_Mid_badminton_27.jpg,badminton
Easy_Mid_badminton_276.jpg,badminton
Easy_Mid_badminton_277.jpg,badminton
Easy_Mid_badminton_283.jpg,badminton
Easy_Mid_badminton_290.jpg,badminton
Easy_Mid_badminton_294.jpg,badminton
Easy_Mid_badminton_30.jpg,badminton
Easy_Mid_badminton_309.jpg,badminton
Easy_Mid_badminton_31.jpg,badminton
Easy_Mid_badminton_313.jpg,badminton
Easy_Mid_badminton_319.JPG,badminton
Easy_Mid_badminton_33.jpg,badminton
Easy_Mid_badminton_34.jpg,badminton
Hard_Close_badminton_186.jpg,badminton
Hard_Far_badminton_100.jpg,badminton
Hard_Far_badminton_122.jpg,badminton
Hard_Far_badminton_159.jpg,badminton
Hard_Far_badminton_181.jpg,badminton
Hard_Far_badminton_91.jpg,badminton
Hard_Mid_badminton_104.jpg,badminton
Hard_Mid_badminton_151.jpg,badminton
Hard_Mid_badminton_183.jpg,badminton
Hard_Mid_badminton_196.jpg,badminton
Medium_Close_badminton_46.jpg,badminton
Medium_Far_badminton_162.jpg,badminton
Medium_Far_badminton_285.jpg,badminton
Medium_Far_badminton_99.jpg,badminton
Medium_Mid_badminton_103.jpg,badminton
Medium_Mid_badminton_111.jpg,badminton
Medium_Mid_badminton_115.jpg,badminton
Medium_Mid_badminton_119.jpg,badminton
Medium_Mid_badminton_123.jpg,badminton
Medium_Mid_badminton_128.jpg,badminton
Medium_Mid_badminton_129.jpg,badminton
Medium_Mid_badminton_133.jpg,badminton
Medium_Mid_badminton_146.jpg,badminton
Medium_Mid_badminton_149.jpg,badminton
Medium_Mid_badminton_164.jpg,badminton
Medium_Mid_badminton_170.jpg,badminton
Medium_Mid_badminton_177.jpg,badminton
Medium_Mid_badminton_178.jpg,badminton
Medium_Mid_badminton_179.jpg,badminton
Medium_Mid_badminton_189.jpg,badminton
Medium_Mid_badminton_192.jpg,badminton
Medium_Mid_badminton_193.jpg,badminton
Medium_Mid_badminton_197.jpg,badminton
Medium_Mid_badminton_198.jpg,badminton
Medium_Mid_badminton_20.jpg,badminton
Medium_Mid_badminton_201.jpg,badminton
Medium_Mid_badminton_218.jpg,badminton
Medium_Mid_badminton_22.jpg,badminton
Medium_Mid_badminton_221.jpg,badminton
Medium_Mid_badminton_224.jpg,badminton
Medium_Mid_badminton_226.jpg,badminton
Medium_Mid_badminton_227.jpg,badminton
Medium_Mid_badminton_228.jpg,badminton
Medium_Mid_badminton_230.jpg,badminton
Medium_Mid_badminton_232.jpg,badminton
Medium_Mid_badminton_234.jpg,badminton
Medium_Mid_badminton_235.jpg,badminton
Medium_Mid_badminton_240.jpg,badminton
Medium_Mid_badminton_244.jpg,badminton
Medium_Mid_badminton_245.jpg,badminton
Medium_Mid_badminton_246.jpg,badminton
Medium_Mid_badminton_248.jpg,badminton
Medium_Mid_badminton_249.jpg,badminton
Medium_Mid_badminton_251.jpg,badminton
Medium_Mid_badminton_252.jpg,badminton
Medium_Mid_badminton_256.jpg,badminton
Medium_Mid_badminton_263.jpg,badminton
Medium_Mid_badminton_265.jpg,badminton
Medium_Mid_badminton_269.jpg,badminton
Medium_Mid_badminton_272.jpg,badminton
Medium_Mid_badminton_274.jpg,badminton
Medium_Mid_badminton_281.jpg,badminton
Medium_Mid_badminton_286.jpg,badminton
Medium_Mid_badminton_289.jpg,badminton
Medium_Mid_badminton_291.jpg,badminton
Medium_Mid_badminton_299.jpg,badminton
Medium_Mid_badminton_3.jpg,badminton
Medium_Mid_badminton_301.jpg,badminton
Medium_Mid_badminton_303.jpg,badminton
Medium_Mid_badminton_304.jpg,badminton
Easy_Close_bocce_1.jpg,bocce
Easy_Close_bocce_114.jpg,bocce
Easy_Close_bocce_2.jpg,bocce
Easy_Close_bocce_3.jpg,bocce
Easy_Close_bocce_69.jpg,bocce
Easy_Close_bocce_80.jpg,bocce
Easy_Far_bocce_121.jpg,bocce
Easy_Far_bocce_35.jpg,bocce
Easy_Far_bocce_53.jpg,bocce
Easy_Far_bocce_61.jpg,bocce
Easy_Far_bocce_90.jpg,bocce
Easy_Far_bocce_91.jpg,bocce
Easy_Mid_bocce_100.jpg,bocce
Easy_Mid_bocce_104.jpg,bocce
Easy_Mid_bocce_105.jpg,bocce
Easy_Mid_bocce_106.jpg,bocce
Easy_Mid_bocce_107.jpg,bocce
Easy_Mid_bocce_108.jpg,bocce
Easy_Mid_bocce_109.jpg,bocce
Easy_Mid_bocce_115.jpg,bocce
Easy_Mid_bocce_116.jpg,bocce
Easy_Mid_bocce_117.jpg,bocce
Easy_Mid_bocce_119.jpg,bocce
Easy_Mid_bocce_120.jpg,bocce
Easy_Mid_bocce_126.jpg,bocce
Easy_Mid_bocce_128.jpg,bocce
Easy_Mid_bocce_129.jpg,bocce
Easy_Mid_bocce_131.jpg,bocce
Easy_Mid_bocce_134.jpg,bocce
Easy_Mid_bocce_135.jpg,bocce
Easy_Mid_bocce_136.jpg,bocce
Easy_Mid_bocce_138.jpg,bocce
Easy_Mid_bocce_14.jpg,bocce
Easy_Mid_bocce_140.jpg,bocce
Easy_Mid_bocce_142.jpg,bocce
Easy_Mid_bocce_143.jpg,bocce
Easy_Mid_bocce_144.jpg,bocce
Easy_Mid_bocce_145.jpg,bocce
Easy_Mid_bocce_146.jpg,bocce
Easy_Mid_bocce_147.jpg,bocce
Easy_Mid_bocce_148.jpg,bocce
Easy_Mid_bocce_16.jpg,bocce
Easy_Mid_bocce_18.jpg,bocce
Easy_Mid_bocce_20.jpg,bocce
Easy_Mid_bocce_25.jpg,bocce
Easy_Mid_bocce_27.jpg,bocce
Easy_Mid_bocce_29.jpg,bocce
Easy_Mid_bocce_30.jpg,bocce
Easy_Mid_bocce_32.jpg,bocce
Easy_Mid_bocce_37.jpg,bocce
Easy_Mid_bocce_38.jpg,bocce
Easy_Mid_bocce_39.jpg,bocce
Easy_Mid_bocce_4.jpg,bocce
Easy_Mid_bocce_40.jpg,bocce
Easy_Mid_bocce_41.jpg,bocce
Easy_Mid_bocce_43.jpg,bocce
Easy_Mid_bocce_46.jpg,bocce
Easy_Mid_bocce_49.jpg,bocce
Easy_Mid_bocce_5.jpg,bocce
Easy_Mid_bocce_52.jpg,bocce
Easy_Mid_bocce_54.jpg,bocce
Easy_Mid_bocce_6.jpg,bocce
Hard_Far_bocce_77.jpg,bocce
Hard_Mid_bocce_102.jpg,bocce
Hard_Mid_bocce_122.jpg,bocce
Hard_Mid_bocce_124.jpg,bocce
Medium_Far_bocce_133.jpg,bocce
Medium_Far_bocce_33.jpg,bocce
Medium_Mid_bocce_0.jpg,bocce
Medium_Mid_bocce_10.jpg,bocce
Medium_Mid_bocce_101.jpg,bocce
Medium_Mid_bocce_11.jpg,bocce
Medium_Mid_bocce_110.jpg,bocce
Medium_Mid_bocce_111.jpg,bocce
Medium_Mid_bocce_112.jpg,bocce
Medium_Mid_bocce_113.jpg,bocce
Medium_Mid_bocce_118.jpg,bocce
Medium_Mid_bocce_123.jpg,bocce
Medium_Mid_bocce_125.jpg,bocce
Medium_Mid_bocce_127.jpg,bocce
Medium_Mid_bocce_13.jpg,bocce
Medium_Mid_bocce_130.jpg,bocce
Medium_Mid_bocce_137.jpg,bocce
Medium_Mid_bocce_139.jpg,bocce
Medium_Mid_bocce_141.jpg,bocce
Medium_Mid_bocce_149.jpg,bocce
Medium_Mid_bocce_15.jpg,bocce
Medium_Mid_bocce_17.jpg,bocce
Medium_Mid_bocce_19.jpg,bocce
Medium_Mid_bocce_22.jpg,bocce
Medium_Mid_bocce_23.jpg,bocce
Medium_Mid_bocce_24.jpg,bocce
Medium_Mid_bocce_26.jpg,bocce
Medium_Mid_bocce_28.jpg,bocce
Medium_Mid_bocce_31.jpg,bocce
Medium_Mid_bocce_42.jpg,bocce
Medium_Mid_bocce_44.jpg,bocce
Medium_Mid_bocce_45.jpg,bocce
Medium_Mid_bocce_47.jpg,bocce
Medium_Mid_bocce_48.jpg,bocce
Medium_Mid_bocce_50.jpg,bocce
Medium_Mid_bocce_51.jpg,bocce
Medium_Mid_bocce_60.jpg,bocce
Medium_Mid_bocce_63.jpg,bocce
Medium_Mid_bocce_68.jpg,bocce
Medium_Mid_bocce_7.jpg,bocce
Medium_Mid_bocce_72.jpg,bocce
Medium_Mid_bocce_73.jpg,bocce
Medium_Mid_bocce_76.jpg,bocce
Easy_Close_croquet_166.jpg,croquet
Easy_Close_croquet_183.jpg,croquet
Easy_Close_croquet_204.jpg,croquet
Easy_Close_croquet_205.jpg,croquet
Easy_Close_croquet_206.jpg,croquet
Easy_Close_croquet_217.jpg,croquet
Easy_Close_croquet_259.jpg,croquet
Easy_Close_croquet_72.jpg,croquet
Easy_Close_croquet_73.jpg,croquet
Easy_Close_croquet_74.jpg,croquet
Easy_Close_croquet_77.jpg,croquet
Easy_Close_croquet_78.jpg,croquet
Easy_Close_croquet_8.jpg,croquet
Easy_Close_croquet_81.jpg,croquet
Easy_Close_croquet_82.jpg,croquet
Easy_Far_croquet_155.jpg,croquet
Easy_Far_croquet_163.jpg,croquet
Easy_Far_croquet_209.jpg,croquet
Easy_Mid_croquet_0.jpg,croquet
Easy_Mid_croquet_1.jpg,croquet
Easy_Mid_croquet_10.jpg,croquet
Easy_Mid_croquet_100.jpg,croquet
Easy_Mid_croquet_101.jpg,croquet
Easy_Mid_croquet_106.jpg,croquet
Easy_Mid_croquet_107.jpg,croquet
Easy_Mid_croquet_109.jpg,croquet
Easy_Mid_croquet_11.jpg,croquet
Easy_Mid_croquet_111.jpg,croquet
Easy_Mid_croquet_112.jpg,croquet
Easy_Mid_croquet_114.jpg,croquet
Easy_Mid_croquet_115.jpg,croquet
Easy_Mid_croquet_116.jpg,croquet
Easy_Mid_croquet_118.jpg,croquet
Easy_Mid_croquet_119.jpg,croquet
Easy_Mid_croquet_12.jpg,croquet
Easy_Mid_croquet_122.jpg,croquet
Easy_Mid_croquet_124.jpg,croquet
Easy_Mid_croquet_126.jpg,croquet
Easy_Mid_croquet_13.jpg,croquet
Easy_Mid_croquet_130.jpg,croquet
Easy_Mid_croquet_131.jpg,croquet
Easy_Mid_croquet_132.jpg,croquet
Easy_Mid_croquet_133.jpg,croquet
Easy_Mid_croquet_135.jpg,croquet
Easy_Mid_croquet_14.jpg,croquet
Easy_Mid_croquet_140.jpg,croquet
Easy_Mid_croquet_141.jpg,croquet
Easy_Mid_croquet_142.jpg,croquet
Easy_Mid_croquet_143.jpg,croquet
Easy_Mid_croquet_145.jpg,croquet
Easy_Mid_croquet_146.jpg,croquet
Easy_Mid_croquet_148.jpg,croquet
Easy_Mid_croquet_149.jpg,croquet
Easy_Mid_croquet_15.jpg,croquet
Easy_Mid_croquet_152.jpg,croquet
Easy_Mid_croquet_156.jpg,croquet
Easy_Mid_croquet_157.jpg,croquet
Easy_Mid_croquet_159.jpg,croquet
Easy_Mid_croquet_161.jpg,croquet
Easy_Mid_croquet_162.jpg,croquet
Easy_Mid_croquet_164.jpg,croquet
Easy_Mid_croquet_168.jpg,croquet
Easy_Mid_croquet_169.jpg,croquet
Easy_Mid_croquet_17.jpg,croquet
Easy_Mid_croquet_170.jpg,croquet
Easy_Mid_croquet_172.jpg,croquet
Easy_Mid_croquet_175.jpg,croquet
Easy_Mid_croquet_176.jpg,croquet
Easy_Mid_croquet_179.jpg,croquet
Easy_Mid_croquet_18.jpg,croquet
Easy_Mid_croquet_180.jpg,croquet
Easy_Mid_croquet_185.jpg,croquet
Easy_Mid_croquet_188.jpg,croquet
Easy_Mid_croquet_189.jpg,croquet
Easy_Mid_croquet_19.jpg,croquet
Easy_Mid_croquet_192.jpg,croquet
Easy_Mid_croquet_193.jpg,croquet
Easy_Mid_croquet_196.jpg,croquet
Easy_Mid_croquet_198.jpg,croquet
Easy_Mid_croquet_2.jpg,croquet
Easy_Mid_croquet_20.jpg,croquet
Easy_Mid_croquet_200.jpg,croquet
Easy_Mid_croquet_201.jpg,croquet
Easy_Mid_croquet_203.jpg,croquet
Easy_Mid_croquet_207.jpg,croquet
Easy_Mid_croquet_21.jpg,croquet
Easy_Mid_croquet_210.jpg,croquet
Easy_Mid_croquet_218.jpg,croquet
Easy_Mid_croquet_219.jpg,croquet
Easy_Mid_croquet_22.jpg,croquet
Easy_Mid_croquet_222.jpg,croquet
Easy_Mid_croquet_223.jpg,croquet
Easy_Mid_croquet_227.jpg,croquet
Easy_Mid_croquet_228.jpg,croquet
Easy_Mid_croquet_229.jpg,croquet
Easy_Mid_croquet_23.jpg,croquet
Easy_Mid_croquet_230.jpg,croquet
Easy_Mid_croquet_231.jpg,croquet
Easy_Mid_croquet_232.jpg,croquet
Easy_Mid_croquet_233.jpg,croquet
Easy_Mid_croquet_234.jpg,croquet
Easy_Mid_croquet_235.jpg,croquet
Easy_Mid_croquet_237.jpg,croquet
Easy_Mid_croquet_239.jpg,croquet
Easy_Mid_croquet_24.jpg,croquet
Easy_Mid_croquet_242.jpg,croquet
Easy_Mid_croquet_243.jpg,croquet
Easy_Mid_croquet_245.jpg,croquet
Easy_Mid_croquet_248.jpg,croquet
Easy_Mid_croquet_249.jpg,croquet
Easy_Mid_croquet_25.jpg,croquet
Easy_Mid_croquet_250.jpg,croquet
Easy_Mid_croquet_251.jpg,croquet
Easy_Mid_croquet_252.jpg,croquet
Easy_Mid_croquet_253.jpg,croquet
Easy_Mid_croquet_254.jpg,croquet
Easy_Mid_croquet_255.jpg,croquet
Easy_Mid_croquet_256.jpg,croquet
Easy_Mid_croquet_26.jpg,croquet
Easy_Mid_croquet_260.jpg,croquet
Easy_Mid_croquet_261.jpg,croquet
Easy_Mid_croquet_262.jpg,croquet
Easy_Mid_croquet_263.jpg,croquet
Easy_Mid_croquet_264.jpg,croquet
Easy_Mid_croquet_265.jpg,croquet
Easy_Mid_croquet_267.jpg,croquet
Easy_Mid_croquet_269.jpg,croquet
Easy_Mid_croquet_270.jpg,croquet
Easy_Mid_croquet_271.jpg,croquet
Easy_Mid_croquet_272.jpg,croquet
Easy_Mid_croquet_275.jpg,croquet
Easy_Mid_croquet_28.jpg,croquet
Easy_Mid_croquet_280.jpg,croquet
Easy_Mid_croquet_282.jpg,croquet
Easy_Mid_croquet_284.jpg,croquet
Easy_Mid_croquet_29.jpg,croquet
Easy_Mid_croquet_290.jpg,croquet
Easy_Mid_croquet_292.jpg,croquet
Easy_Mid_croquet_293.jpg,croquet
Easy_Mid_croquet_303.jpg,croquet
Easy_Mid_croquet_308.jpg,croquet
Easy_Mid_croquet_31.jpg,croquet
Easy_Mid_croquet_311.jpg,croquet
Easy_Mid_croquet_312.jpg,croquet
Easy_Mid_croquet_313.jpg,croquet
Easy_Mid_croquet_32.jpg,croquet
Easy_Mid_croquet_326.jpg,croquet
Easy_Mid_croquet_327.jpg,croquet
Easy_Mid_croquet_329.jpg,croquet
Easy_Mid_croquet_33.jpg,croquet
Easy_Mid_croquet_330.jpg,croquet
Easy_Mid_croquet_331.jpg,croquet
Easy_Mid_croquet_335.jpg,croquet
Easy_Mid_croquet_337.jpg,croquet
Easy_Mid_croquet_338.jpg,croquet
Easy_Mid_croquet_354.jpg,croquet
Hard_Mid_croquet_324.jpg,croquet
Medium_Close_croquet_244.jpg,croquet
Medium_Close_croquet_351.jpg,croquet
Medium_Mid_croquet_144.jpg,croquet
Medium_Mid_croquet_160.jpg,croquet
Medium_Mid_croquet_171.jpg,croquet
Medium_Mid_croquet_173.jpg,croquet
Medium_Mid_croquet_174.jpg,croquet
Medium_Mid_croquet_178.jpg,croquet
Medium_Mid_croquet_186.jpg,croquet
Medium_Mid_croquet_190.jpg,croquet
Medium_Mid_croquet_211.jpg,croquet
Medium_Mid_croquet_224.jpg,croquet
Medium_Mid_croquet_225.jpg,croquet
Medium_Mid_croquet_236.jpg,croquet
Medium_Mid_croquet_238.jpg,croquet
Medium_Mid_croquet_274.jpg,croquet
Medium_Mid_croquet_276.jpg,croquet
Medium_Mid_croquet_277.jpg,croquet
Medium_Mid_croquet_281.jpg,croquet
Medium_Mid_croquet_283.jpg,croquet
Medium_Mid_croquet_285.jpg,croquet
Medium_Mid_croquet_286.jpg,croquet
Medium_Mid_croquet_287.jpg,croquet
Medium_Mid_croquet_296.jpg,croquet
Medium_Mid_croquet_297.jpg,croquet
Medium_Mid_croquet_298.jpg,croquet
Medium_Mid_croquet_299.jpg,croquet
Medium_Mid_croquet_3.jpg,croquet
Medium_Mid_croquet_300.jpg,croquet
Medium_Mid_croquet_304.jpg,croquet
Medium_Mid_croquet_309.jpg,croquet
Medium_Mid_croquet_328.jpg,croquet
Easy_Close_polo_119.jpg,polo
Easy_Close_polo_12.jpg,polo
Easy_Close_polo_122.jpg,polo
Easy_Close_polo_123.jpg,polo
Easy_Close_polo_17.jpg,polo
Easy_Close_polo_18.jpg,polo
Easy_Close_polo_2.jpg,polo
Easy_Close_polo_24.jpg,polo
Easy_Close_polo_25.jpg,polo
Easy_Close_polo_26.jpg,polo
Easy_Close_polo_28.jpg,polo
Easy_Close_polo_29.jpg,polo
Easy_Close_polo_3.jpg,polo
Easy_Close_polo_32.jpg,polo
Easy_Close_polo_4.jpg,polo
Easy_Close_polo_5.jpg,polo
Easy_Close_polo_50.jpg,polo
Easy_Close_polo_51.jpg,polo
Easy_Close_polo_6.jpg,polo
Easy_Close_polo_7.jpg,polo
Easy_Close_polo_82.jpg,polo
Easy_Close_polo_9.jpg,polo
Easy_Far_polo_132.jpg,polo
Easy_Far_polo_160.jpg,polo
Easy_Far_polo_161.jpg,polo
Easy_Far_polo_180.jpg,polo
Easy_Far_polo_186.jpg,polo
Easy_Far_polo_187.jpg,polo
Easy_Far_polo_49.jpg,polo
Easy_Far_polo_69.jpg,polo
Easy_Mid_polo_0.jpg,polo
Easy_Mid_polo_1.jpg,polo
Easy_Mid_polo_10.jpg,polo
Easy_Mid_polo_101.jpg,polo
Easy_Mid_polo_102.jpg,polo
Easy_Mid_polo_103.jpg,polo
Easy_Mid_polo_104.jpg,polo
Easy_Mid_polo_105.jpg,polo
Easy_Mid_polo_106.jpg,polo
Easy_Mid_polo_107.jpg,polo
Easy_Mid_polo_108.jpg,polo
Easy_Mid_polo_11.jpg,polo
Easy_Mid_polo_110.jpg,polo
Easy_Mid_polo_111.jpg,polo
Easy_Mid_polo_112.jpg,polo
Easy_Mid_polo_113.jpg,polo
Easy_Mid_polo_114.jpg,polo
Easy_Mid_polo_115.jpg,polo
Easy_Mid_polo_116.jpg,polo
Easy_Mid_polo_117.jpg,polo
Easy_Mid_polo_118.jpg,polo
Easy_Mid_polo_121.jpg,polo
Easy_Mid_polo_124.jpg,polo
Easy_Mid_polo_125.jpg,polo
Easy_Mid_polo_126.jpg,polo
Easy_Mid_polo_127.jpg,polo
Easy_Mid_polo_13.jpg,polo
Easy_Mid_polo_130.jpg,polo
Easy_Mid_polo_131.jpg,polo
Easy_Mid_polo_133.jpg,polo
Easy_Mid_polo_134.jpg,polo
Easy_Mid_polo_135.jpg,polo
Easy_Mid_polo_136.jpg,polo
Easy_Mid_polo_137.jpg,polo
Easy_Mid_polo_138.jpg,polo
Easy_Mid_polo_139.jpg,polo
Easy_Mid_polo_14.jpg,polo
Easy_Mid_polo_140.jpg,polo
Easy_Mid_polo_141.jpg,polo
Easy_Mid_polo_142.jpg,polo
Easy_Mid_polo_143.jpg,polo
Easy_Mid_polo_144.jpg,polo
Easy_Mid_polo_145.jpg,polo
Easy_Mid_polo_146.jpg,polo
Easy_Mid_polo_147.jpg,polo
Easy_Mid_polo_148.jpg,polo
Easy_Mid_polo_149.jpg,polo
Easy_Mid_polo_15.jpg,polo
Easy_Mid_polo_150.jpg,polo
Easy_Mid_polo_151.jpg,polo
Easy_Mid_polo_152.jpg,polo
Easy_Mid_polo_153.jpg,polo
Easy_Mid_polo_154.jpg,polo
Easy_Mid_polo_155.jpg,polo
Easy_Mid_polo_156.jpg,polo
Easy_Mid_polo_157.jpg,polo
Easy_Mid_polo_158.jpg,polo
Easy_Mid_polo_159.jpg,polo
Easy_Mid_polo_16.jpg,polo
Easy_Mid_polo_162.jpg,polo
Easy_Mid_polo_163.jpg,polo
Easy_Mid_polo_164.jpg,polo
Easy_Mid_polo_166.jpg,polo
Easy_Mid_polo_168.jpg,polo
Easy_Mid_polo_169.jpg,polo
Easy_Mid_polo_170.jpg,polo
Easy_Mid_polo_171.jpg,polo
Easy_Mid_polo_172.jpg,polo
Easy_Mid_polo_173.jpg,polo
Easy_Mid_polo_175.jpg,polo
Easy_Mid_polo_177.jpg,polo
Easy_Mid_polo_182.jpg,polo
Easy_Mid_polo_183.jpg,polo
Easy_Mid_polo_19.jpg,polo
Easy_Mid_polo_20.jpg,polo
Easy_Mid_polo_21.jpg,polo
Easy_Mid_polo_22.jpg,polo
Easy_Mid_polo_23.jpg,polo
Easy_Mid_polo_27.jpg,polo
Easy_Mid_polo_30.jpg,polo
Easy_Mid_polo_31.jpg,polo
Easy_Mid_polo_33.jpg,polo
Easy_Mid_polo_34.jpg,polo
Easy_Mid_polo_35.jpg,polo
Easy_Mid_polo_36.jpg,polo
Easy_Mid_polo_38.jpg,polo
Easy_Mid_polo_39.jpg,polo
Easy_Mid_polo_41.jpg,polo
Easy_Mid_polo_42.jpg,polo
Easy_Mid_polo_43.jpg,polo
Easy_Mid_polo_44.jpg,polo
Easy_Mid_polo_47.jpg,polo
Easy_Mid_polo_48.jpg,polo
Easy_Mid_polo_52.jpg,polo
Easy_Mid_polo_53.jpg,polo
Easy_Mid_polo_54.jpg,polo
Easy_Mid_polo_55.jpg,polo
Easy_Mid_polo_56.jpg,polo
Easy_Mid_polo_57.jpg,polo
Easy_Mid_polo_58.jpg,polo
Easy_Mid_polo_59.jpg,polo
Easy_Mid_polo_60.jpg,polo
Easy_Mid_polo_61.jpg,polo
Easy_Mid_polo_62.jpg,polo
Easy_Mid_polo_63.jpg,polo
Hard_Mid_polo_128.jpg,polo
Hard_Mid_polo_129.jpg,polo
Medium_Close_polo_109.jpg,polo
Medium_Far_polo_120.jpg,polo
Medium_Far_polo_167.jpg,polo
Medium_Mid_polo_176.jpg,polo
Medium_Mid_polo_178.jpg,polo
Medium_Mid_polo_179.jpg,polo
Medium_Mid_polo_188.JPG,polo
Medium_Mid_polo_37.jpg,polo
Medium_Mid_polo_45.jpg,polo
Easy_Mid_RockClimbing_108.jpg,RockClimbing
Easy_Mid_RockClimbing_118.jpg,RockClimbing
Easy_Mid_RockClimbing_129.jpg,RockClimbing
Easy_Mid_RockClimbing_136.jpg,RockClimbing
Easy_Mid_RockClimbing_14.jpg,RockClimbing
Easy_Mid_RockClimbing_140.jpg,RockClimbing
Easy_Mid_RockClimbing_141.jpg,RockClimbing
Easy_Mid_RockClimbing_148.jpg,RockClimbing
Easy_Mid_RockClimbing_152.jpg,RockClimbing
Easy_Mid_RockClimbing_154.jpg,RockClimbing
Easy_Mid_RockClimbing_155.jpg,RockClimbing
Easy_Mid_RockClimbing_167.jpg,RockClimbing
Easy_Mid_RockClimbing_172.jpg,RockClimbing
Easy_Mid_RockClimbing_174.jpg,RockClimbing
Easy_Mid_RockClimbing_176.jpg,RockClimbing
Easy_Mid_RockClimbing_179.jpg,RockClimbing
Easy_Mid_RockClimbing_182.jpg,RockClimbing
Easy_Mid_RockClimbing_184.jpg,RockClimbing
Easy_Mid_RockClimbing_188.jpg,RockClimbing
Easy_Mid_RockClimbing_189.jpg,RockClimbing
Easy_Mid_RockClimbing_191.jpg,RockClimbing
Easy_Mid_RockClimbing_192.jpg,RockClimbing
Easy_Mid_RockClimbing_193.jpg,RockClimbing
Easy_Mid_RockClimbing_194.jpg,RockClimbing
Easy_Mid_RockClimbing_198.jpg,RockClimbing
Easy_Mid_RockClimbing_205.jpg,RockClimbing
Easy_Mid_RockClimbing_209.jpg,RockClimbing
Easy_Mid_RockClimbing_217.jpg,RockClimbing
Easy_Mid_RockClimbing_221.jpg,RockClimbing
Easy_Mid_RockClimbing_238.jpg,RockClimbing
Easy_Mid_RockClimbing_240.jpg,RockClimbing
Easy_Mid_RockClimbing_242.jpg,RockClimbing
Easy_Mid_RockClimbing_244.jpg,RockClimbing
Easy_Mid_RockClimbing_249.jpg,RockClimbing
Easy_Mid_RockClimbing_250.jpg,RockClimbing
Easy_Mid_RockClimbing_259.jpg,RockClimbing
Easy_Mid_RockClimbing_260.jpg,RockClimbing
Easy_Mid_RockClimbing_292.jpg,RockClimbing
Easy_Mid_RockClimbing_295.jpg,RockClimbing
Easy_Mid_RockClimbing_306.jpg,RockClimbing
Easy_Mid_RockClimbing_307.jpg,RockClimbing
Easy_Mid_RockClimbing_310.jpg,RockClimbing
Easy_Mid_RockClimbing_311.jpg,RockClimbing
Easy_Mid_RockClimbing_312.jpg,RockClimbing
Easy_Mid_RockClimbing_313.jpg,RockClimbing
Easy_Mid_RockClimbing_314.jpg,RockClimbing
Easy_Mid_RockClimbing_315.jpg,RockClimbing
Easy_Mid_RockClimbing_316.jpg,RockClimbing
Easy_Mid_RockClimbing_319.jpg,RockClimbing
Easy_Mid_RockClimbing_321.jpg,RockClimbing
Easy_Mid_RockClimbing_323.jpg,RockClimbing
Easy_Mid_RockClimbing_327.jpg,RockClimbing
Easy_Mid_RockClimbing_340.jpg,RockClimbing
Easy_Mid_RockClimbing_344.jpg,RockClimbing
Easy_Mid_RockClimbing_346.jpg,RockClimbing
Easy_Mid_RockClimbing_352.jpg,RockClimbing
Easy_Mid_RockClimbing_364.jpg,RockClimbing
Easy_Mid_RockClimbing_365.jpg,RockClimbing
Easy_Mid_RockClimbing_371.jpg,RockClimbing
Easy_Mid_RockClimbing_385.jpg,RockClimbing
Easy_Mid_RockClimbing_386.jpg,RockClimbing
Easy_Mid_RockClimbing_389.jpg,RockClimbing
Easy_Mid_RockClimbing_390.jpg,RockClimbing
Easy_Mid_RockClimbing_402.jpg,RockClimbing
Easy_Mid_RockClimbing_403.jpg,RockClimbing
Easy_Mid_RockClimbing_405.jpg,RockClimbing
Easy_Mid_RockClimbing_413.jpg,RockClimbing
Easy_Mid_RockClimbing_415.jpg,RockClimbing
Easy_Mid_RockClimbing_420.jpg,RockClimbing
Easy_Mid_RockClimbing_423.jpg,RockClimbing
Easy_Mid_RockClimbing_424.jpg,RockClimbing
Easy_Mid_RockClimbing_428.jpg,RockClimbing
Easy_Mid_RockClimbing_429.jpg,RockClimbing
Easy_Mid_RockClimbing_430.jpg,RockClimbing
Easy_Mid_RockClimbing_434.jpg,RockClimbing
Easy_Mid_RockClimbing_435.jpg,RockClimbing
Easy_Mid_RockClimbing_436.jpg,RockClimbing
Easy_Mid_RockClimbing_437.jpg,RockClimbing
Easy_Mid_RockClimbing_441.jpg,RockClimbing
Easy_Mid_RockClimbing_443.jpg,RockClimbing
Easy_Mid_RockClimbing_445.jpg,RockClimbing
Easy_Mid_RockClimbing_446.jpg,RockClimbing
Easy_Mid_RockClimbing_448.jpg,RockClimbing
Easy_Mid_RockClimbing_452.jpg,RockClimbing
Easy_Mid_RockClimbing_457.jpg,RockClimbing
Easy_Mid_RockClimbing_458.jpg,RockClimbing
Easy_Mid_RockClimbing_459.jpg,RockClimbing
Easy_Mid_RockClimbing_462.jpg,RockClimbing
Easy_Mid_RockClimbing_464.jpg,RockClimbing
Easy_Mid_RockClimbing_470.jpg,RockClimbing
Easy_Mid_RockClimbing_473.jpg,RockClimbing
Easy_Mid_RockClimbing_474.jpg,RockClimbing
Easy_Mid_RockClimbing_476.jpg,RockClimbing
Easy_Mid_RockClimbing_477.jpg,RockClimbing
Easy_Mid_RockClimbing_493.jpg,RockClimbing
Easy_Mid_RockClimbing_495.jpg,RockClimbing
Easy_Mid_RockClimbing_500.jpg,RockClimbing
Easy_Mid_RockClimbing_501.jpg,RockClimbing
Easy_Mid_RockClimbing_502.jpg,RockClimbing
Easy_Mid_RockClimbing_505.jpg,RockClimbing
Easy_Mid_RockClimbing_507.jpg,RockClimbing
Easy_Mid_RockClimbing_51.jpg,RockClimbing
Easy_Mid_RockClimbing_510.jpg,RockClimbing
Easy_Mid_RockClimbing_511.jpg,RockClimbing
Easy_Mid_RockClimbing_512.jpg,RockClimbing
Easy_Mid_RockClimbing_516.jpg,RockClimbing
Easy_Mid_RockClimbing_523.jpg,RockClimbing
Easy_Mid_RockClimbing_527.jpg,RockClimbing
Easy_Mid_RockClimbing_529.jpg,RockClimbing
Easy_Mid_RockClimbing_534.jpg,RockClimbing
Easy_Mid_RockClimbing_537.jpg,RockClimbing
Easy_Mid_RockClimbing_547.jpg,RockClimbing
Easy_Mid_RockClimbing_549.jpg,RockClimbing
Easy_Mid_RockClimbing_550.jpg,RockClimbing
Easy_Mid_RockClimbing_554.jpg,RockClimbing
Easy_Mid_RockClimbing_555.jpg,RockClimbing
Easy_Mid_RockClimbing_556.jpg,RockClimbing
Easy_Mid_RockClimbing_557.jpg,RockClimbing
Easy_Mid_RockClimbing_559.jpg,RockClimbing
Easy_Mid_RockClimbing_563.jpg,RockClimbing
Easy_Mid_RockClimbing_566.jpg,RockClimbing
Easy_Mid_RockClimbing_574.jpg,RockClimbing
Easy_Mid_RockClimbing_580.jpg,RockClimbing
Easy_Mid_RockClimbing_589.jpg,RockClimbing
Easy_Mid_RockClimbing_591.jpg,RockClimbing
Easy_Mid_RockClimbing_592.jpg,RockClimbing
Easy_Mid_RockClimbing_596.jpg,RockClimbing
Easy_Mid_RockClimbing_598.jpg,RockClimbing
Easy_Mid_RockClimbing_599.jpg,RockClimbing
Easy_Mid_RockClimbing_601.jpg,RockClimbing
Easy_Mid_RockClimbing_602.jpg,RockClimbing
Easy_Mid_RockClimbing_620.jpg,RockClimbing
Easy_Mid_RockClimbing_625.jpg,RockClimbing
Easy_Mid_RockClimbing_631.jpg,RockClimbing
Easy_Mid_RockClimbing_635.jpg,RockClimbing
Easy_Mid_RockClimbing_639.jpg,RockClimbing
Easy_Mid_RockClimbing_64.jpg,RockClimbing
Easy_Mid_RockClimbing_647.jpg,RockClimbing
Easy_Mid_RockClimbing_651.jpg,RockClimbing
Easy_Mid_RockClimbing_652.jpg,RockClimbing
Easy_Mid_RockClimbing_653.jpg,RockClimbing
Easy_Mid_RockClimbing_654.jpg,RockClimbing
Easy_Mid_RockClimbing_655.jpg,RockClimbing
Easy_Mid_RockClimbing_67.jpg,RockClimbing
Easy_Mid_RockClimbing_671.jpg,RockClimbing
Easy_Mid_RockClimbing_676.jpg,RockClimbing
Easy_Mid_RockClimbing_679.jpg,RockClimbing
Easy_Mid_RockClimbing_685.jpg,RockClimbing
Easy_Mid_RockClimbing_686.jpg,RockClimbing
Easy_Mid_RockClimbing_697.jpg,RockClimbing
Easy_Mid_RockClimbing_699.jpg,RockClimbing
Easy_Mid_RockClimbing_7.jpg,RockClimbing
Easy_Mid_RockClimbing_700.jpg,RockClimbing
Easy_Mid_RockClimbing_701.jpg,RockClimbing
Easy_Mid_RockClimbing_702.jpg,RockClimbing
Easy_Close_Rowing_109.jpg,rowing
Easy_Close_Rowing_126.jpg,rowing
Easy_Close_Rowing_128.jpg,rowing
Easy_Close_Rowing_143.jpg,rowing
Easy_Close_Rowing_151.jpg,rowing
Easy_Close_Rowing_153.jpg,rowing
Easy_Close_Rowing_155.jpg,rowing
Easy_Close_Rowing_159.jpg,rowing
Easy_Close_Rowing_160.jpg,rowing
Easy_Close_Rowing_199.jpg,rowing
Easy_Close_Rowing_202.jpg,rowing
Easy_Close_Rowing_218.jpg,rowing
Easy_Close_Rowing_226.jpg,rowing
Easy_Close_Rowing_24.jpg,rowing
Easy_Close_Rowing_263.jpg,rowing
Easy_Close_Rowing_275.jpg,rowing
Easy_Close_Rowing_276.jpg,rowing
Easy_Close_Rowing_299.jpg,rowing
Easy_Close_Rowing_30.jpg,rowing
Easy_Close_Rowing_300.jpg,rowing
Easy_Close_Rowing_31.jpg,rowing
Easy_Close_Rowing_312.jpg,rowing
Easy_Close_Rowing_320.jpg,rowing
Easy_Close_Rowing_325.jpg,rowing
Easy_Close_Rowing_327.jpg,rowing
Easy_Close_Rowing_338.jpg,rowing
Easy_Close_Rowing_339.jpg,rowing
Easy_Close_Rowing_347.jpg,rowing
Easy_Close_Rowing_380.jpg,rowing
Easy_Close_Rowing_392.jpg,rowing
Easy_Close_Rowing_40.jpg,rowing
Easy_Close_Rowing_406.jpg,rowing
Easy_Close_Rowing_408.jpg,rowing
Easy_Close_Rowing_41.jpg,rowing
Easy_Close_Rowing_43.jpg,rowing
Easy_Close_Rowing_432.jpg,rowing
Easy_Close_Rowing_449.jpg,rowing
Easy_Close_Rowing_453.jpg,rowing
Easy_Close_Rowing_480.jpg,rowing
Easy_Close_Rowing_497.jpg,rowing
Easy_Close_Rowing_500.jpg,rowing
Easy_Close_Rowing_504.jpg,rowing
Easy_Close_Rowing_506.jpg,rowing
Easy_Close_Rowing_559.jpg,rowing
Easy_Close_Rowing_560.jpg,rowing
Easy_Close_Rowing_563.jpg,rowing
Easy_Close_Rowing_564.jpg,rowing
Easy_Close_Rowing_568.jpg,rowing
Easy_Close_Rowing_570.jpg,rowing
Easy_Close_Rowing_596.jpg,rowing
Easy_Close_Rowing_597.jpg,rowing
Easy_Close_Rowing_60.jpg,rowing
Easy_Close_Rowing_604.jpg,rowing
Easy_Close_Rowing_610.jpg,rowing
Easy_Close_Rowing_618.jpg,rowing
Easy_Close_Rowing_62.jpg,rowing
Easy_Close_Rowing_620.jpg,rowing
Easy_Close_Rowing_626.jpg,rowing
Easy_Close_Rowing_63.jpg,rowing
Easy_Far_Rowing_112.jpg,rowing
Easy_Far_Rowing_113.jpg,rowing
Easy_Far_Rowing_131.jpg,rowing
Easy_Far_Rowing_132.jpg,rowing
Easy_Far_Rowing_134.jpg,rowing
Easy_Far_Rowing_136.jpg,rowing
Easy_Far_Rowing_14.jpg,rowing
Easy_Far_Rowing_140.jpg,rowing
Easy_Far_Rowing_174.jpg,rowing
Easy_Far_Rowing_180.jpg,rowing
Easy_Far_Rowing_192.jpg,rowing
Easy_Far_Rowing_203.jpg,rowing
Easy_Far_Rowing_206.jpg,rowing
Easy_Far_Rowing_207.jpg,rowing
Easy_Far_Rowing_234.jpg,rowing
Easy_Far_Rowing_240.jpg,rowing
Easy_Far_Rowing_261.jpg,rowing
Easy_Far_Rowing_264.jpg,rowing
Easy_Far_Rowing_279.jpg,rowing
Easy_Far_Rowing_294.jpg,rowing
Easy_Far_Rowing_295.jpg,rowing
Easy_Far_Rowing_296.jpg,rowing
Easy_Far_Rowing_318.jpg,rowing
Easy_Far_Rowing_322.jpg,rowing
Easy_Far_Rowing_34.jpg,rowing
Easy_Far_Rowing_348.jpg,rowing
Easy_Far_Rowing_355.jpg,rowing
Easy_Far_Rowing_378.jpg,rowing
Easy_Far_Rowing_38.jpg,rowing
Easy_Far_Rowing_400.jpg,rowing
Easy_Far_Rowing_416.jpg,rowing
Easy_Far_Rowing_417.jpg,rowing
Easy_Far_Rowing_469.jpg,rowing
Easy_Far_Rowing_503.jpg,rowing
Easy_Far_Rowing_508.jpg,rowing
Easy_Far_Rowing_51.jpg,rowing
Easy_Far_Rowing_510.jpg,rowing
Easy_Far_Rowing_539.jpg,rowing
Easy_Far_Rowing_55.jpg,rowing
Easy_Far_Rowing_58.jpg,rowing
Easy_Far_Rowing_581.jpg,rowing
Easy_Far_Rowing_584.jpg,rowing
Easy_Far_Rowing_600.jpg,rowing
Easy_Far_Rowing_613.jpg,rowing
Easy_Far_Rowing_614.jpg,rowing
Easy_Far_Rowing_631.jpg,rowing
Easy_Far_Rowing_643.jpg,rowing
Easy_Far_Rowing_72.jpg,rowing
Easy_Far_Rowing_76.jpg,rowing
Easy_Far_Rowing_77.jpg,rowing
Easy_Far_Rowing_78.jpg,rowing
Easy_Far_Rowing_84.jpg,rowing
Easy_Far_Rowing_89.jpg,rowing
Easy_Far_Rowing_92.jpg,rowing
Easy_Far_Rowing_99.jpg,rowing
Easy_Mid_Rowing_100.jpg,rowing
Easy_Mid_Rowing_101.jpg,rowing
Easy_Mid_Rowing_104.jpg,rowing
Easy_Mid_Rowing_110.jpg,rowing
Easy_Mid_Rowing_118.jpg,rowing
Easy_Mid_Rowing_119.jpg,rowing
Easy_Mid_Rowing_120.jpg,rowing
Easy_Mid_Rowing_135.jpg,rowing
Easy_Mid_Rowing_137.jpg,rowing
Easy_Mid_Rowing_15.jpg,rowing
Easy_Mid_Rowing_16.jpg,rowing
Easy_Mid_Rowing_167.jpg,rowing
Easy_Mid_Rowing_168.jpg,rowing
Easy_Mid_Rowing_169.jpg,rowing
Easy_Mid_Rowing_171.jpg,rowing
Easy_Mid_Rowing_18.jpg,rowing
Easy_Mid_Rowing_19.jpg,rowing
Easy_Mid_Rowing_21.jpg,rowing
Easy_Mid_Rowing_25.jpg,rowing
Easy_Mid_Rowing_265.jpg,rowing
Easy_Mid_Rowing_267.jpg,rowing
Easy_Mid_Rowing_268.jpg,rowing
Easy_Mid_Rowing_269.jpg,rowing
Easy_Mid_Rowing_27.jpg,rowing
Easy_Mid_Rowing_270.jpg,rowing
Easy_Mid_Rowing_277.jpg,rowing
Easy_Mid_Rowing_28.jpg,rowing
Easy_Mid_Rowing_289.jpg,rowing
Easy_Mid_Rowing_290.jpg,rowing
Easy_Mid_Rowing_291.jpg,rowing
Easy_Mid_Rowing_292.jpg,rowing
Easy_Mid_Rowing_293.jpg,rowing
Easy_Mid_Rowing_301.jpg,rowing
Easy_Mid_Rowing_302.jpg,rowing
Easy_Mid_Rowing_313.jpg,rowing
Easy_Mid_Rowing_314.jpg,rowing
Easy_Mid_Rowing_317.jpg,rowing
Easy_Mid_Rowing_319.jpg,rowing
Easy_Mid_Rowing_32.jpg,rowing
Easy_Mid_Rowing_33.jpg,rowing
Easy_Mid_Rowing_331.jpg,rowing
Easy_Mid_Rowing_332.jpg,rowing
Easy_Mid_Rowing_333.jpg,rowing
Easy_Mid_Rowing_334.jpg,rowing
Easy_Mid_Rowing_335.jpg,rowing
Easy_Mid_Rowing_336.jpg,rowing
Easy_Mid_Rowing_340.jpg,rowing
Easy_Mid_Rowing_341.jpg,rowing
Easy_Mid_Rowing_342.jpg,rowing
Easy_Mid_Rowing_343.jpg,rowing
Easy_Mid_Rowing_345.jpg,rowing
Easy_Mid_Rowing_349.jpg,rowing
Easy_Mid_Rowing_35.jpg,rowing
Easy_Mid_Rowing_350.jpg,rowing
Easy_Mid_Rowing_351.jpg,rowing
Easy_Mid_Rowing_353.jpg,rowing
Easy_Mid_Rowing_354.jpg,rowing
Easy_Mid_Rowing_356.jpg,rowing
Easy_Mid_Rowing_357.jpg,rowing
Easy_Mid_Rowing_358.jpg,rowing
Easy_Mid_Rowing_362.jpg,rowing
Easy_Mid_Rowing_363.jpg,rowing
Easy_Mid_Rowing_364.jpg,rowing
Easy_Mid_Rowing_365.jpg,rowing
Easy_Mid_Rowing_366.jpg,rowing
Easy_Mid_Rowing_37.jpg,rowing
Easy_Mid_Rowing_375.jpg,rowing
Easy_Mid_Rowing_376.jpg,rowing
Easy_Mid_Rowing_379.jpg,rowing
Easy_Mid_Rowing_382.jpg,rowing
Easy_Mid_Rowing_384.jpg,rowing
Easy_Mid_Rowing_387.jpg,rowing
Easy_Mid_Rowing_39.jpg,rowing
Easy_Mid_Rowing_390.jpg,rowing
Easy_Mid_Rowing_391.jpg,rowing
Easy_Mid_Rowing_393.jpg,rowing
Easy_Mid_Rowing_394.jpg,rowing
Easy_Mid_Rowing_395.jpg,rowing
Easy_Mid_Rowing_396.jpg,rowing
Easy_Mid_Rowing_397.jpg,rowing
Easy_Mid_Rowing_398.jpg,rowing
Easy_Mid_Rowing_399.jpg,rowing
Easy_Mid_Rowing_4.jpg,rowing
Easy_Mid_Rowing_401.jpg,rowing
Easy_Mid_Rowing_402.jpg,rowing
Easy_Mid_Rowing_403.jpg,rowing
Easy_Mid_sailing_109.jpg,sailing
Easy_Mid_sailing_117.jpg,sailing
Easy_Mid_sailing_130.jpg,sailing
Easy_Mid_sailing_134.jpg,sailing
Easy_Mid_sailing_146.jpg,sailing
Easy_Mid_sailing_154.jpg,sailing
Easy_Mid_sailing_155.jpg,sailing
Easy_Mid_sailing_156.jpg,sailing
Easy_Mid_sailing_159.jpg,sailing
Easy_Mid_sailing_160.jpg,sailing
Easy_Mid_sailing_181.jpg,sailing
Easy_Mid_sailing_184.jpg,sailing
Easy_Mid_sailing_185.jpg,sailing
Easy_Mid_sailing_191.jpg,sailing
Easy_Mid_sailing_209.jpg,sailing
Easy_Mid_sailing_210.jpg,sailing
Easy_Mid_sailing_233.jpg,sailing
Easy_Mid_sailing_24.jpg,sailing
Easy_Mid_sailing_241.jpg,sailing
Easy_Mid_sailing_244.jpg,sailing
Easy_Mid_sailing_246.jpg,sailing
Easy_Mid_sailing_250.jpg,sailing
Easy_Mid_sailing_251.jpg,sailing
Easy_Mid_sailing_256.jpg,sailing
Easy_Mid_sailing_257.jpg,sailing
Easy_Mid_sailing_258.jpg,sailing
Easy_Mid_sailing_261.jpg,sailing
Easy_Mid_sailing_277.jpg,sailing
Easy_Mid_sailing_279.jpg,sailing
Easy_Mid_sailing_282.jpg,sailing
Easy_Mid_sailing_283.jpg,sailing
Easy_Mid_sailing_286.jpg,sailing
Easy_Mid_sailing_29.jpg,sailing
Easy_Mid_sailing_300.jpg,sailing
Easy_Mid_sailing_306.jpg,sailing
Easy_Mid_sailing_309.jpg,sailing
Easy_Mid_sailing_311.jpg,sailing
Easy_Mid_sailing_32.jpg,sailing
Easy_Mid_sailing_322.jpg,sailing
Easy_Mid_sailing_323.jpg,sailing
Easy_Mid_sailing_328.jpg,sailing
Easy_Mid_sailing_330.jpg,sailing
Easy_Mid_sailing_336.jpg,sailing
Easy_Mid_sailing_338.jpg,sailing
Easy_Mid_sailing_339.jpg,sailing
Easy_Mid_sailing_340.jpg,sailing
Easy_Mid_sailing_350.jpg,sailing
Easy_Mid_sailing_353.jpg,sailing
Easy_Mid_sailing_357.jpg,sailing
Easy_Mid_sailing_361.jpg,sailing
Easy_Mid_sailing_368.jpg,sailing
Easy_Mid_sailing_369.jpg,sailing
Easy_Mid_sailing_370.jpg,sailing
Easy_Mid_sailing_376.jpg,sailing
Easy_Mid_sailing_392.jpg,sailing
Easy_Mid_sailing_420.jpg,sailing
Easy_Mid_sailing_421.jpg,sailing
Easy_Mid_sailing_426.jpg,sailing
Easy_Mid_sailing_427.jpg,sailing
Easy_Mid_sailing_428.jpg,sailing
Easy_Mid_sailing_44.jpg,sailing
Easy_Mid_sailing_444.jpg,sailing
Easy_Mid_sailing_450.jpg,sailing
Easy_Mid_sailing_455.jpg,sailing
Easy_Mid_sailing_473.jpg,sailing
Easy_Mid_sailing_474.jpg,sailing
Easy_Mid_sailing_475.jpg,sailing
Easy_Mid_sailing_485.jpg,sailing
Easy_Mid_sailing_486.jpg,sailing
Easy_Mid_sailing_492.jpg,sailing
Easy_Mid_sailing_493.jpg,sailing
Easy_Mid_sailing_507.jpg,sailing
Easy_Mid_sailing_516.jpg,sailing
Easy_Mid_sailing_517.jpg,sailing
Easy_Mid_sailing_518.jpg,sailing
Easy_Mid_sailing_521.jpg,sailing
Easy_Mid_sailing_534.jpg,sailing
Easy_Mid_sailing_541.jpg,sailing
Easy_Mid_sailing_545.jpg,sailing
Easy_Mid_sailing_546.jpg,sailing
Easy_Mid_sailing_547.jpg,sailing
Easy_Mid_sailing_549.jpg,sailing
Easy_Mid_sailing_561.jpg,sailing
Easy_Mid_sailing_565.jpg,sailing
Easy_Mid_sailing_566.jpg,sailing
Easy_Mid_sailing_567.jpg,sailing
Easy_Mid_sailing_568.jpg,sailing
Easy_Mid_sailing_571.jpg,sailing
Easy_Mid_sailing_575.jpg,sailing
Easy_Mid_sailing_576.jpg,sailing
Easy_Mid_sailing_577.jpg,sailing
Easy_Mid_sailing_585.jpg,sailing
Easy_Mid_sailing_586.jpg,sailing
Easy_Mid_sailing_587.jpg,sailing
Easy_Mid_sailing_589.jpg,sailing
Easy_Mid_sailing_594.jpg,sailing
Easy_Mid_sailing_595.jpg,sailing
Easy_Mid_sailing_599.jpg,sailing
Easy_Mid_sailing_6.jpg,sailing
Easy_Mid_sailing_600.jpg,sailing
Easy_Mid_sailing_602.jpg,sailing
Easy_Mid_sailing_611.jpg,sailing
Easy_Mid_sailing_615.jpg,sailing
Easy_Mid_sailing_618.jpg,sailing
Easy_Mid_sailing_620.jpg,sailing
Easy_Mid_sailing_621.jpg,sailing
Easy_Mid_sailing_623.jpg,sailing
Easy_Mid_sailing_624.jpg,sailing
Easy_Mid_sailing_625.jpg,sailing
Easy_Mid_sailing_626.jpg,sailing
Easy_Mid_sailing_627.jpg,sailing
Easy_Mid_sailing_629.jpg,sailing
Easy_Mid_sailing_630.jpg,sailing
Easy_Mid_sailing_631.jpg,sailing
Easy_Mid_sailing_632.jpg,sailing
Easy_Mid_sailing_633.jpg,sailing
Easy_Mid_sailing_634.jpg,sailing
Easy_Mid_sailing_636.jpg,sailing
Easy_Mid_sailing_64.jpg,sailing
Easy_Mid_sailing_641.jpg,sailing
Easy_Mid_sailing_643.jpg,sailing
Easy_Mid_sailing_644.jpg,sailing
Easy_Mid_sailing_645.jpg,sailing
Easy_Mid_sailing_649.jpg,sailing
Easy_Mid_sailing_659.jpg,sailing
Easy_Mid_sailing_667.jpg,sailing
Easy_Mid_sailing_670.jpg,sailing
Easy_Mid_sailing_672.jpg,sailing
Easy_Mid_sailing_675.jpg,sailing
Easy_Mid_sailing_676.jpg,sailing
Easy_Mid_sailing_682.jpg,sailing
Easy_Mid_sailing_684.jpg,sailing
Easy_Mid_sailing_693.jpg,sailing
Easy_Mid_sailing_700.jpg,sailing
Easy_Mid_sailing_705.jpg,sailing
Easy_Mid_sailing_707.jpg,sailing
Easy_Mid_sailing_71.jpg,sailing
Easy_Mid_sailing_731.jpg,sailing
Easy_Mid_sailing_734.jpg,sailing
Easy_Mid_sailing_745.JPG,sailing
Easy_Mid_sailing_753.jpg,sailing
Easy_Mid_sailing_754.jpg,sailing
Easy_Mid_sailing_755.jpg,sailing
Easy_Mid_sailing_765.jpg,sailing
Easy_Mid_sailing_770.jpg,sailing
Easy_Mid_sailing_773.jpg,sailing
Easy_Mid_sailing_776.jpg,sailing
Easy_Mid_sailing_777.jpg,sailing
Easy_Mid_sailing_783.jpg,sailing
Easy_Mid_sailing_784.jpg,sailing
Easy_Mid_sailing_785.jpg,sailing
Easy_Mid_sailing_786.jpg,sailing
Easy_Mid_snowboarding_102.jpg,snowboarding
Easy_Mid_snowboarding_103.jpg,snowboarding
Easy_Mid_snowboarding_106.jpg,snowboarding
Easy_Mid_snowboarding_107.jpg,snowboarding
Easy_Mid_snowboarding_108.jpg,snowboarding
Easy_Mid_snowboarding_109.jpg,snowboarding
Easy_Mid_snowboarding_11.jpg,snowboarding
Easy_Mid_snowboarding_110.jpg,snowboarding
Easy_Mid_snowboarding_112.jpg,snowboarding
Easy_Mid_snowboarding_115.jpg,snowboarding
Easy_Mid_snowboarding_12.jpg,snowboarding
Easy_Mid_snowboarding_123.jpg,snowboarding
Easy_Mid_snowboarding_129.jpg,snowboarding
Easy_Mid_snowboarding_13.jpg,snowboarding
Easy_Mid_snowboarding_136.jpg,snowboarding
Easy_Mid_snowboarding_138.jpg,snowboarding
Easy_Mid_snowboarding_139.jpg,snowboarding
Easy_Mid_snowboarding_140.jpg,snowboarding
Easy_Mid_snowboarding_141.jpg,snowboarding
Easy_Mid_snowboarding_145.jpg,snowboarding
Easy_Mid_snowboarding_146.jpg,snowboarding
Easy_Mid_snowboarding_149.jpg,snowboarding
Easy_Mid_snowboarding_15.jpg,snowboarding
Easy_Mid_snowboarding_150.jpg,snowboarding
Easy_Mid_snowboarding_154.jpg,snowboarding
Easy_Mid_snowboarding_159.jpg,snowboarding
Easy_Mid_snowboarding_16.jpg,snowboarding
Easy_Mid_snowboarding_160.jpg,snowboarding
Easy_Mid_snowboarding_162.jpg,snowboarding
Easy_Mid_snowboarding_164.jpg,snowboarding
Easy_Mid_snowboarding_168.jpg,snowboarding
Easy_Mid_snowboarding_17.jpg,snowboarding
Easy_Mid_snowboarding_186.jpg,snowboarding
Easy_Mid_snowboarding_187.jpg,snowboarding
Easy_Mid_snowboarding_190.jpg,snowboarding
Easy_Mid_snowboarding_191.jpg,snowboarding
Easy_Mid_snowboarding_192.jpg,snowboarding
Easy_Mid_snowboarding_194.jpg,snowboarding
Easy_Mid_snowboarding_197.jpg,snowboarding
Easy_Mid_snowboarding_2.jpg,snowboarding
Easy_Mid_snowboarding_200.jpg,snowboarding
Easy_Mid_snowboarding_201.jpg,snowboarding
Easy_Mid_snowboarding_203.jpg,snowboarding
Easy_Mid_snowboarding_205.jpg,snowboarding
Easy_Mid_snowboarding_207.jpg,snowboarding
Easy_Mid_snowboarding_208.jpg,snowboarding
Easy_Mid_snowboarding_21.jpg,snowboarding
Easy_Mid_snowboarding_211.jpg,snowboarding
Easy_Mid_snowboarding_212.jpg,snowboarding
Easy_Mid_snowboarding_215.jpg,snowboarding
Easy_Mid_snowboarding_218.jpg,snowboarding
Easy_Mid_snowboarding_220.jpg,snowboarding
Easy_Mid_snowboarding_222.jpg,snowboarding
Easy_Mid_snowboarding_223.jpg,snowboarding
Easy_Mid_snowboarding_224.jpg,snowboarding
Easy_Mid_snowboarding_226.jpg,snowboarding
Easy_Mid_snowboarding_227.jpg,snowboarding
Easy_Mid_snowboarding_228.jpg,snowboarding
Easy_Mid_snowboarding_23.jpg,snowboarding
Easy_Mid_snowboarding_230.jpg,snowboarding
Easy_Mid_snowboarding_233.jpg,snowboarding
Easy_Mid_snowboarding_234.jpg,snowboarding
Easy_Mid_snowboarding_237.jpg,snowboarding
Easy_Mid_snowboarding_238.jpg,snowboarding
Easy_Mid_snowboarding_239.jpg,snowboarding
Easy_Mid_snowboarding_240.jpg,snowboarding
Easy_Mid_snowboarding_242.jpg,snowboarding
Easy_Mid_snowboarding_246.jpg,snowboarding
Easy_Mid_snowboarding_247.jpg,snowboarding
Easy_Mid_snowboarding_252.jpg,snowboarding
Easy_Mid_snowboarding_254.jpg,snowboarding
Easy_Mid_snowboarding_260.jpg,snowboarding
Easy_Mid_snowboarding_261.jpg,snowboarding
Easy_Mid_snowboarding_262.jpg,snowboarding
Easy_Mid_snowboarding_263.jpg,snowboarding
Easy_Mid_snowboarding_268.jpg,snowboarding
Easy_Mid_snowboarding_269.jpg,snowboarding
Easy_Mid_snowboarding_270.jpg,snowboarding
Easy_Mid_snowboarding_271.jpg,snowboarding
Easy_Mid_snowboarding_272.jpg,snowboarding
Easy_Mid_snowboarding_273.jpg,snowboarding
Easy_Mid_snowboarding_275.jpg,snowboarding
Easy_Mid_snowboarding_276.jpg,snowboarding
Easy_Mid_snowboarding_278.jpg,snowboarding
Easy_Mid_snowboarding_28.jpg,snowboarding
Easy_Mid_snowboarding_282.jpg,snowboarding
Easy_Mid_snowboarding_283.jpg,snowboarding
Easy_Mid_snowboarding_284.jpg,snowboarding
Easy_Mid_snowboarding_285.jpg,snowboarding
Easy_Mid_snowboarding_289.jpg,snowboarding
Easy_Mid_snowboarding_290.jpg,snowboarding
Easy_Mid_snowboarding_291.jpg,snowboarding
Easy_Mid_snowboarding_294.jpg,snowboarding
Easy_Mid_snowboarding_299.jpg,snowboarding
Easy_Mid_snowboarding_300.jpg,snowboarding
Easy_Mid_snowboarding_303.jpg,snowboarding
Easy_Mid_snowboarding_306.jpg,snowboarding
Easy_Mid_snowboarding_308.jpg,snowboarding
Easy_Mid_snowboarding_31.jpg,snowboarding
Easy_Mid_snowboarding_310.jpg,snowboarding
Easy_Mid_snowboarding_317.jpg,snowboarding
Easy_Mid_snowboarding_318.jpg,snowboarding
Easy_Mid_snowboarding_320.jpg,snowboarding
Easy_Mid_snowboarding_322.jpg,snowboarding
Easy_Mid_snowboarding_325.jpg,snowboarding
Easy_Mid_snowboarding_327.jpg,snowboarding
Easy_Mid_snowboarding_328.jpg,snowboarding
Easy_Mid_snowboarding_33.jpg,snowboarding
Easy_Mid_snowboarding_330.jpg,snowboarding
Easy_Mid_snowboarding_331.jpg,snowboarding
Easy_Mid_snowboarding_332.jpg,snowboarding
Easy_Mid_snowboarding_333.jpg,snowboarding
Easy_Mid_snowboarding_334.jpg,snowboarding
Easy_Mid_snowboarding_335.jpg,snowboarding
Easy_Mid_snowboarding_336.jpg,snowboarding
Easy_Mid_snowboarding_338.jpg,snowboarding
Easy_Mid_snowboarding_34.jpg,snowboarding
Easy_Mid_snowboarding_342.jpg,snowboarding
Easy_Mid_snowboarding_343.jpg,snowboarding
Easy_Mid_snowboarding_346.jpg,snowboarding
Easy_Mid_snowboarding_347.jpg,snowboarding
Easy_Mid_snowboarding_348.jpg,snowboarding
Easy_Mid_snowboarding_349.jpg,snowboarding
Easy_Mid_snowboarding_350.jpg,snowboarding
Easy_Mid_snowboarding_351.jpg,snowboarding
Easy_Mid_snowboarding_352.jpg,snowboarding
Easy_Mid_snowboarding_353.jpg,snowboarding
Easy_Mid_snowboarding_355.jpg,snowboarding
Easy_Mid_snowboarding_357.jpg,snowboarding
Easy_Mid_snowboarding_358.jpg,snowboarding
Easy_Mid_snowboarding_359.jpg,snowboarding
Easy_Mid_snowboarding_361.jpg,snowboarding
Easy_Mid_snowboarding_364.jpg,snowboarding
Easy_Mid_snowboarding_366.jpg,snowboarding
Easy_Mid_snowboarding_367.jpg,snowboarding
Easy_Mid_snowboarding_369.jpg,snowboarding
Easy_Mid_snowboarding_37.jpg,snowboarding
Easy_Mid_snowboarding_370.jpg,snowboarding
Easy_Mid_snowboarding_374.jpg,snowboarding
Easy_Mid_snowboarding_375.jpg,snowboarding
Easy_Mid_snowboarding_376.jpg,snowboarding
Easy_Mid_snowboarding_377.jpg,snowboarding
Easy_Mid_snowboarding_378.jpg,snowboarding
Easy_Mid_snowboarding_38.jpg,snowboarding
Easy_Mid_snowboarding_381.jpg,snowboarding
Easy_Mid_snowboarding_382.jpg,snowboarding
Easy_Mid_snowboarding_385.jpg,snowboarding
Easy_Mid_snowboarding_388.jpg,snowboarding
Easy_Mid_snowboarding_389.jpg,snowboarding
Easy_Mid_snowboarding_392.jpg,snowboarding
Easy_Mid_snowboarding_393.jpg,snowboarding
Easy_Mid_snowboarding_398.jpg,snowboarding
